Generation,Fitness
0,0.00194937956879
1,0.00126942410134
2,0.00169769874696
3,0.000242646933632
4,7.74268084564e-05
5,3.24140522917e-05
6,2.94802950626e-05
7,5.21211226822e-06
8,8.57065347371e-07
9,8.56816619209e-07
