Generation,Fitness
0,0.0210615278432
1,0.0200981046226
2,0.0200981046226
3,0.0200981046226
4,0.0183430917032
5,0.0179098654869
6,0.0179098654217
7,0.0179077514848
8,0.0178978798525
9,0.0178942572674
