Generation,Fitness
0,0.0202021410543
1,0.0200293112268
2,0.013695829203
3,7.66695557851e-05
4,1.88169809195e-06
5,1.88169804641e-06
6,1.88165194916e-06
7,7.6215735928e-07
8,7.32673668118e-07
9,4.0447978447e-07
