Generation,Fitness
0,5.13218023694
1,2.87978193006
2,1.9458181326
3,1.9458181326
4,1.9458181326
5,1.11763916713
6,1.11763916712
7,1.11763916712
8,0.999999999732
9,0.999999999732
